号	地点 記号	掲載地点名	緯度 （北緯）	経度 （東経）	MSL- 潮位表 基準面 （cm）	MSLの 標高 （cm）	潮位表 基準面 の標高 （cm）	主要4分潮								分潮一覧表	備考
1	WN	稚内	45゜24'	141゜41'	18	16.2	-1.8	2.18	109.78	1.93	141.52	6.41	17.95	6.23	351.89	2024年	
2	KE	枝幸	44゜56'	142゜35'	57	-	-	16.83	85.95	7.96	130.1	17.34	172.72	16.54	152.17	-	
3	A0	紋別	44゜21'	143゜22'	71	-	-	17.43	88.58	8.08	132.29	21.36	183	21.01	160.48	-	
4	AS	網走	44゜01'	144゜17'	68	-1.3	-69.3	16.99	90.77	7.82	134.83	21.24	197.59	21.9	176.24	2024年	
5	A6	羅臼	44゜01'	145゜12'	64	-	-	17.26	94.28	7.74	138.38	19.75	197.41	19.96	176.77	-	
6	NM	根室	43゜21'	145゜35'	87	-	-	30.29	104.3	13.93	148.86	23.58	171.31	18.27	144.99	-	
7	HN	花咲	43゜17'	145゜34'	86	4.5	-81.5	28.72	105.14	12.98	146.89	21.53	172.96	22.82	159.43	2024年	
8	KP	霧多布	43゜05'	145゜07'	81	-	-	28.75	105.09	13.18	146.42	20.97	162.77	17.65	162.9	-	
9	KR	釧路	42゜59'	144゜22'	87	-2.6	-89.6	29.28	105.71	13.49	145.5	25.89	166.93	18.89	139.7	2024年	
10	B1	十勝	42゜18'	143゜19'	85	-	-	29.4	104.45	13.58	143.89	22.61	162.65	19.02	155.22	-	
11	A9	浦河	42゜10'	142゜46'	93	-	-	30.34	106.77	14.17	145.5	23.55	168.08	19.44	149.07	-	
12	C8	苫小牧東	42゜36'	141゜49'	88	-	-	31.04	105.69	14.51	143.96	23.37	165.6	18.37	149.25	-	
13	TM	苫小牧西	42゜38'	141゜37'	88	-	-	31.16	104.99	14.55	143.28	23.43	165.54	18.46	148.84	-	
14	SO	白老	42゜31'	141゜19'	88	-	-	31.04	104.5	14.48	142.78	23.21	165.58	18.65	148.72	-	
15	A8	室蘭	42゜21'	140゜57'	95	-	-	33.54	104.99	15.67	143.42	23.61	165.53	19.03	149.17	-	
16	A3	森	42゜07'	140゜36'	92	-	-	33.89	104.62	15.74	143.2	23.61	165.45	18.98	148.94	-	
17	HK	函館	41゜47'	140゜43'	57	-15.6	-72.6	21.53	109.12	9.91	146.44	12.93	175.15	10.19	159.94	2024年	
18	Q0	吉岡	41゜27'	140゜14'	45	-	-	14.69	128.48	6.68	164.6	10.83	210.21	9.4	195.87	-	
19	A5	松前	41゜25'	140゜06'	23	-	-	8.06	121.46	3.46	158.05	5.47	267.44	5.35	254.12	-	
20	ES	江差	41゜52'	140゜08'	24	-	-	5.42	104.29	2.26	139.41	6.32	20.04	6.87	348.03	-	
21	ZP	奥尻	42゜05'	139゜29'	19	23.3	4.3	5.2	107.06	2.22	139.59	4.93	340.35	4.54	320.18	-	
22	OR	奥尻港	42゜10'	139゜31'	20	-	-	5.11	105.74	2.16	139.42	4.42	344.72	4.45	326.86	-	
23	SE	瀬棚	42゜27'	139゜51'	20	-	-	4.86	110.16	2.14	142.68	6.33	342.32	5.8	313.22	-	
24	B6	寿都	42゜48'	140゜14'	17	-	-	4.4	116.1	2.2	150.3	4.2	347	3.9	334.5	-	
25	B5	岩内	42゜59'	140゜31'	18	-	-	4.67	114.08	2.15	148.1	4.98	348.41	4.8	327.2	-	
26	Z8	忍路	43゜13'	140゜52'	17	8.5	-8.5	4.59	119.67	2.13	150.72	5.3	349.02	5.32	326.39	-	
27	B3	小樽	43゜12'	141゜00'	16	14	-2	4.67	120.19	2.23	152.06	5.24	348.58	5.32	326.54	2024年	
28	IK	石狩新港	43゜13'	141゜18'	18	-	-	4.63	121.99	2.25	151.37	5.27	350.18	5.32	326.62	-	
29	B2	留萌	43゜57'	141゜38'	16	-	-	4.6	129.38	2.19	158.62	5.29	348.11	5.23	325.55	-	
30	F3	沓形	45゜11'	141゜08'	18	-	-	3.73	147.4	1.96	166.84	5.52	352.81	5.39	330.12	-	
31	Q1	竜飛	41゜15'	140゜23'	33	10.3	-22.7	12.98	113.15	6.05	149.66	6.09	191.07	4.97	177.86	-	
32	AO	青森	40゜50'	140゜46'	37	-	-	18.47	102.66	8.52	139.9	5.53	155.37	3.68	142.37	-	
33	ZA	浅虫	40゜54'	140゜52'	37	13.6	-23.4	18.34	102.94	8.48	139.95	5.45	156.46	3.64	143.25	-	
34	Q2	大湊	41゜15'	141゜09'	41	-	-	19.79	105.63	9.17	143.42	5.74	161.14	3.87	148.53	-	
35	B4	大間	41゜32'	140゜54'	46	-	-	20.23	106.65	9.41	144.31	9.73	157.08	7.2	141.6	-	
36	SH	下北	41゜22'	141゜14'	80	2.4	-77.6	28.6	103.36	13.27	142.29	19.77	156.26	15.1	138.93	2024年	
37	XS	むつ小川原	40゜56'	141゜23'	85	-	-	30.23	103.82	13.92	142.23	22.38	164.75	18.17	148.9	-	
38	HG	八戸港	40゜32'	141゜33'	85	-	-	30.49	104.34	14.08	142.72	22.27	162.95	17.74	147.4	-	
39	XT	久慈	40゜12'	141゜48'	89	-	-	30.26	105.56	13.91	143.67	23.39	163.2	18.57	146.03	-	
40	MY	宮古	39゜39'	141゜59'	83	-3.5	-86.5	30.12	107.99	13.98	145.41	23.78	166.66	19.48	149.2	2024年	
41	Q6	釜石	39゜16'	141゜53'	86	-9.4	-95.4	30.21	110.47	13.98	147.3	23.12	167.72	18.72	151.82	-	＊１
42	OF	大船渡	39゜01'	141゜45'	88	-15.5	-103.5	30.45	110.64	14.13	147.03	23.45	166.59	18.6	150.04	2024年	＊１
43	AY	鮎川	38゜18'	141゜30'	88	-27.2	-115.2	31.59	114.16	14.71	149.35	24.02	169.14	19.36	152.31	2024年	＊１
44	E6	石巻	38゜24'	141゜16'	90	-	-	32.92	114.57	15.37	149.44	24.26	169.43	19.54	152.87	-	
45	SG	塩釜	38゜19'	141゜02'	92	-	-	34.72	117.82	15.82	152.91	24.73	170.41	19.5	153.96	-	
46	SD	仙台新港	38゜16'	141゜00'	93	-	-	33.12	115.16	15.42	149.9	24.3	169.55	19.51	153.21	-	
47	ZM	相馬	37゜50'	140゜58'	88	-12.1	-100.1	32.84	117.06	15.3	151.79	24.38	171.01	19.49	154.4	-	
48	ON	小名浜	36゜56'	140゜54'	84	-13.2	-97.2	30.31	123.02	14.34	155.7	21.8	173.37	17.24	156.48	2024年	
49	D1	日立	36゜30'	140゜38'	86	-	-	30.94	122.3	14.62	155.15	22.42	169.65	17.45	152.31	-	
50	D3	大洗	36゜18'	140゜34'	87	-	-	30.16	123.91	14.47	156.92	22.89	169.73	17.66	151.54	-	
51	D2	鹿島	35゜56'	140゜42'	89	-	-	30.6	125.62	14.57	158.33	23.93	172.36	18.9	152.53	-	
52	CS	銚子漁港	35゜45'	140゜52'	90	-	-	30.35	127.56	14.44	160.32	23.36	174.6	18.93	155.41	-	＊２
53	ZF	勝浦	35゜08'	140゜15'	90	-5.3	-95.3	36.09	140.79	16.51	169.92	22.41	176.94	17.4	158.56	-	
54	MR	布良	34゜55'	139゜50'	90	8.8	-81.2	35.61	140.1	16.96	169.29	23.2	176.45	18.12	157.43	2024年	
55	TT	館山	34゜59'	139゜51'	100	-	-	37.3	147.6	17.2	174	24.2	177.7	16.9	157.3	-	
56	KZ	木更津	35゜22'	139゜55'	115	-	-	44.1	150.7	21.5	179.3	24.4	177.6	19	159.8	-	
57	QL	千葉	35゜34'	140゜03'	120	7	-113	47.79	152.42	23.73	180.34	25.09	178.31	19.66	159.82	-	
58	CB	千葉港	35゜36'	140゜06'	120	-	-	47.94	153.19	23.64	181.17	25.18	179.15	19.68	160.59	-	
59	TK	東京	35゜39'	139゜46'	120	4.6	-115.4	47.73	153.73	23.64	181.77	25.07	178.91	19.57	160.28	2024年	
60	KW	川崎	35゜31'	139゜45'	115	-	-	45.3	152.86	22.35	181.29	24.86	179.19	19.7	160.21	-	
61	YK	京浜港	35゜28'	139゜38'	115	-	-	43.89	152.75	21.63	180.71	24.52	178.48	19.23	159.91	-	
62	QS	横浜	35゜27'	139゜39'	115	3.9	-111.1	44.02	152.41	21.71	180.49	24.49	178.37	19.21	159.85	-	
63	HM	本牧	35゜26'	139゜40'	115	-	-	44.5	152.66	21.84	181.9	24.59	178.87	19.38	160.5	-	
64	QN	横須賀	35゜17'	139゜39'	110	7	-103	40.75	151.6	19.96	179.93	24.02	178.1	18.89	159.82	-	
65	Z1	油壺	35゜10'	139゜37'	93	4.3	-88.7	35.84	146.75	16.92	174.38	23.13	176.66	18.14	158.1	-	
66	OK	岡田	34゜47'	139゜23'	90	4	-86	34.18	145.18	16.31	173.47	22.95	178.24	18.04	159.66	2024年	
67	QO	神津島	34゜13'	139゜08'	97	-	-97	38.21	164.4	18.02	189.98	22.35	185.98	17.52	166.07	-	＊３
68	MJ	三宅島（坪田）	34゜03'	139゜33'	91	16.9	-74.1	36.63	151.94	16.99	179.73	22.74	175.23	17.89	157.04	2024年	
69	QP	三宅島（阿古）	34゜04'	139゜29'	91	27.6	-63.4	34.15	155.57	16.41	182.18	22.03	184.26	17.39	165.18	-	
70	D4	八丈島（八重根）	33゜06'	139゜46'	95	-	-	33.56	164.65	15.72	189.54	22.06	189.8	17.32	168.33	-	
71	QQ	八丈島（神湊）	33゜08'	139゜48'	81	16.3	-64.7	31.54	158.56	15.48	185.06	19.59	180.52	15.01	165.56	-	
72	CC	父島	27゜06'	142゜12'	68	9	-59	28.11	185.94	12.57	208.73	16.5	195.04	12.08	175.1	2024年	
73	MC	南鳥島	24゜17'	153゜59'	35	4.2	-30.8	8.08	92.31	4.75	138.64	10.04	197.46	7.64	173.99	2024年	
74	D8	湘南港	35゜18'	139゜29'	92	-	-	36.02	149.23	17.01	176.62	23.16	178.82	18.32	158.57	-	
75	OD	小田原	35゜14'	139゜09'	95	0.1	-94.9	34.03	145.48	16.22	172.87	22.92	174.89	17.9	156.94	2024年	
76	Z3	伊東	34゜54'	139゜08'	98	9	-89	35.28	147.08	16.68	174.77	23.83	177.47	18.46	158.39	-	
77	D6	下田	34゜41'	138゜58'	101	-	-	39.52	159.48	18.32	185.88	24.33	182.16	18.77	162.62	-	
78	QK	南伊豆	34゜38'	138゜53'	100	-	-	39.9	162.9	18.52	188.38	24.13	184.16	18.6	164.18	-	
79	G9	石廊崎	34゜37'	138゜51'	100	15.7	-84.3	40.06	165.19	18.64	189.98	24.4	185.21	18.69	165.18	2024年	
80	Z4	田子	34゜48'	138゜46'	100	21.8	-78.2	39.7	166.83	18.75	192.34	20.83	187.35	16.14	168.47	-	
81	UC	内浦	35゜01'	138゜53'	100	16.6	-83.4	40.66	167.84	18.67	192.54	20.34	179.47	14.99	161.8	2024年	
82	SM	清水港	35゜01'	138゜31'	95	27.5	-67.5	38.72	167	18.22	191.68	20.98	180.07	15.47	160.79	2024年	
83	Z5	焼津	34゜52'	138゜20'	95	27.2	-67.8	40.16	164.62	18.78	190.31	22.92	182.56	17.27	161.1	-	
84	OM	御前崎	34゜37'	138゜13'	100	14.9	-85.1	40.66	166.19	18.82	191.5	23.21	185.29	17.82	164.16	2024年	
85	MI	舞阪	34゜41'	137゜37'	70	12.2	-57.8	31.67	179.06	14.02	203.43	16.98	193.24	12.41	173.43	2024年	
86	I4	赤羽根	34゜36'	137゜11'	105	2.6	-102.4	44.17	167.6	20.34	192.28	22.05	182.52	16.41	162.9	2024年	
87	G4	三河	34゜44'	137゜19'	135	-	-	61.9	176.46	29.12	202.43	24	186.77	17.78	166.38	-	
88	G5	形原	34゜47'	137゜11'	135	-	-	60.4	180.28	28.12	206.47	23.87	189.7	18.14	168.58	-	
89	G8	衣浦	34゜53'	136゜57'	130	-	-	60.34	177.6	28.41	203.64	23.71	186.65	17.61	166.89	-	
90	ZD	鬼崎	34゜54'	136゜49'	130	4.3	-125.7	61.89	177.04	29.05	203.19	23.92	186.56	17.75	166.46	-	
91	NG	名古屋	35゜05'	136゜53'	140	9.2	-130.8	64.74	177.7	30.35	203.85	24.03	186.49	17.78	166.66	2024年	
92	G3	四日市港	34゜58'	136゜38'	130	-	-	62.66	176.83	29.43	203.01	23.91	186.21	17.74	166.21	-	
93	TB	鳥羽	34゜29'	136゜49'	120	6.7	-113.3	54.36	178.32	25.35	204.22	23.17	187.53	17.25	167.12	2024年	
94	OW	尾鷲	34゜05'	136゜12'	104	9.9	-94.1	43.62	169.94	19.74	193.97	22.16	185.51	17.11	165.52	2024年	
95	KN	熊野	33゜56'	136゜10'	102	13.3	-88.7	43.36	170.13	19.78	194.07	22.01	186.64	17.11	167.09	2024年	
96	UR	浦神	33゜34'	135゜54'	105	23.9	-81.1	45.37	171.18	20.36	195.7	21.41	186.59	16.39	167.95	2024年	
97	KS	串本	33゜29'	135゜46'	105	29.9	-75.1	45.8	173.47	20.48	196.46	21.84	186.62	16.38	166.83	2024年	
98	SR	白浜	33゜41'	135゜23'	110	14.1	-95.9	47.57	172.29	21.51	197.09	21.94	188.82	16.92	168.04	2024年	
99	GB	御坊	33゜51'	135゜10'	110	12.9	-97.1	48.18	173.55	21.86	198.13	22.01	188.07	17.02	167.95	2024年	
100	H1	下津	34゜07'	135゜08'	110	-	-	45.04	186.14	21.43	209.21	23.85	192.24	18.14	170.91	-	
101	Z9	海南	34゜09'	135゜12'	111	11	-100	44.48	186.39	21.35	208.29	24.03	191.39	18.33	170.48	-	
102	WY	和歌山	34゜13'	135゜09'	111	15	-96	43.88	187.6	21.19	209.31	24.04	191.73	18.36	170.85	2024年	
103	TN	淡輪	34゜20'	135゜11'	95	15.7	-79.3	31.76	205.11	17.48	221.6	25.38	200.87	19.07	179.06	2024年	
104	KK	関空島	34゜26'	135゜12'	95	-	-	30.03	209.45	16.92	224.49	25.29	203.14	19.19	181.97	-	
105	J2	岸和田	34゜28'	135゜22'	95	-	-	31.39	211.79	16.7	227.38	25.95	203.69	19.84	180.56	-	
106	IO	泉大津	34゜31'	135゜24'	95	-	-	30.36	213.62	17.31	226.36	25.89	203.09	19.15	180.92	-	
107	SI	堺	34゜36'	135゜28'	95	-	-	30.61	213.73	17.28	228.44	26.34	202.7	19.65	181.2	-	
108	OS	大阪	34゜39'	135゜26'	95	19.2	-75.8	29.89	215.29	16.85	227.89	26.03	203.66	19.47	181.35	2024年	
109	AM	尼崎	34゜42'	135゜24'	95	-	-	29.47	216.19	16.55	228.47	25.77	204.09	19.3	181.68	-	
110	J5	西宮	34゜43'	135゜20'	95	-	-	29.54	215.95	16.59	228.1	26.05	203.81	19.45	181.73	-	
111	KB	神戸	34゜41'	135゜11'	95	21.1	-73.9	28.37	216.39	16.11	228.42	25.64	203.78	19.19	181.47	2024年	
112	AK	明石	34゜39'	134゜59'	70	-	-	15.58	258.66	8.81	242.26	25.47	216.73	19.47	194.82	-	
113	ST	洲本	34゜21'	134゜54'	95	20.4	-74.6	28.88	193.22	16.3	214.12	23.36	203.48	17.71	181.57	2024年	
114	EI	江井	34゜28'	134゜50'	80	-	-	29.35	333.4	5.99	337.16	27.25	229.06	20.17	204.82	-	
115	K1	姫路（飾磨）	34゜47'	134゜40'	90	-	-	33.53	319.81	8.42	322.43	28.04	225.39	20.71	201.17	-	
116	SB	三蟠	34゜36'	133゜59'	130	-	-	60.14	321.04	18.88	339.13	30.77	228.79	22.42	204.51	-	
117	UN	宇野	34゜29'	133゜57'	140	21.3	-118.7	67.42	327.21	21.62	352.81	30.06	233.74	21.97	209.62	2024年	
118	MM	水島	34゜32'	133゜44'	190	-	-	101.54	326.44	36.57	359.45	32.71	234.65	23.7	210.17	-	
119	LG	乙島	34゜30'	133゜41'	200	-	-	105.33	325.62	38.44	358.95	32.69	236.21	23.6	212.6	-	
120	IZ	糸崎	34゜24'	133゜05'	200	-	-	108.18	312.09	40.91	344.5	32.7	231.57	23.67	208.19	-	
121	TH	竹原	34゜20'	132゜55'	200	-	-	105.3	295.18	41.48	325.14	31.87	222.41	23.12	199.87	-	
122	Q9	呉	34゜14'	132゜33'	200	20.1	-179.9	103.11	278.55	42.84	308.35	31.09	216.96	22.76	194.81	-	
123	Q8	広島	34゜21'	132゜28'	200	22.3	-177.7	101.53	278.08	42.08	307.98	30.88	216.89	22.55	194.6	-	
124	QA	徳山	34゜02'	131゜48'	180	19.3	-160.7	88.03	251.87	37.73	280.85	28.38	207.52	21.01	186.25	-	
125	J9	三田尻	34゜02'	131゜35'	180	-	-	89.57	251.6	38.63	280.93	28.71	207.55	21.55	186.19	-	
126	WH	宇部	33゜56'	131゜15'	210	-	-	103.48	254.55	45.33	283.75	29.74	209.02	22.19	187.78	-	
127	CF	長府	34゜01'	131゜00'	210	-	-	107.22	257.85	47.4	286.9	29.72	211.11	22.1	189.64	-	
128	A1	弟子待	33゜56'	130゜56'	120	-	-	57.5	265.08	26.31	294.11	14.91	245.4	13.66	231.94	-	
129	TI	田ノ首	33゜55'	130゜55'	100	-	-	42.4	269.84	19.97	298.14	12.77	268.63	13.34	251.6	-	
130	OH	大山の鼻	33゜55'	130゜54'	90	-	-	41.13	272.6	19.43	300.08	12.44	272.01	12.95	254.64	-	
131	HR	南風泊	33゜57'	130゜53'	80	-	-	34.98	283.68	16.95	308.52	11.98	285.28	12.37	264.94	-	
132	MT	松山	33゜52'	132゜43'	190	13.4	-176.6	99.1	263.82	40.92	291.97	30.61	207.96	22.39	186.42	2024年	
133	M3	波止浜	34゜06'	132゜56'	200	-	-	110.27	297.34	43.64	328.58	32.52	222.59	23.97	200.66	-	
134	M0	今治市小島	34゜08'	132゜59'	200	-	-	108.29	297.11	42.14	327.73	32.69	225.27	24.53	204.67	-	
135	M1	来島航路	34゜07'	132゜59'	200	-	-	101.82	304.21	38.49	335.34	32.24	230.8	24.01	210.91	-	
136	L0	今治	34゜04'	133゜00'	200	-	-	99.71	313.35	37.17	347	31.67	233.95	22.91	211.23	-	
137	NI	新居浜	33゜58'	133゜16'	200	-	-	110.72	319.46	41.3	354	32.7	235.84	23.78	212.85	-	
138	L8	伊予三島	33゜59'	133゜33'	210	-	-	116.61	323.16	42.87	357.47	33.2	236.28	24.55	212.27	-	
139	TX	多度津	34゜17'	133゜45'	200	-	-	107.28	327.59	38.71	1.09	32.73	236.91	23.67	213.26	-	
140	AX	青木	34゜22'	133゜41'	200	-	-	107.91	326.38	39.24	0.03	32.75	236.73	23.66	213.14	-	
141	J8	与島	34゜23'	133゜49'	180	-	-	89.87	325.43	30.98	356.12	32.08	234.11	23.39	210.08	-	
142	TA	高松	34゜21'	134゜03'	140	16.7	-123.3	66.6	324.76	20.83	347.94	30.85	230.45	22.6	206.28	2024年	
143	KM	小松島	34゜01'	134゜35'	101	15.9	-85.1	41.69	179.45	20.07	203.81	22.21	193.68	17.2	172.82	2024年	
144	J6	橘	33゜52'	134゜38'	110	-	-	44.3	173.71	21.03	199.21	22.26	192.31	16.88	171.49	-	
145	AW	阿波由岐	33゜46'	134゜36'	106	15.5	-90.5	46.97	171.73	21.14	196.14	21.06	188.65	16.39	168.56	2024年	
146	HW	日和佐	33゜43'	134゜33'	108	-	-	48.05	172.9	22.24	198.18	19.32	184.49	15.98	170.08	-	
147	L7	甲浦	33゜33'	134゜18'	109	-	-	47.92	170.48	21.29	195.47	21.14	186.81	16.39	167.01	-	
148	MU	室戸岬	33゜16'	134゜10'	110	29.6	-80.4	49.01	173.34	21.62	197.36	22.05	188.19	16.83	168.41	2024年	
149	KC	高知	33゜30'	133゜34'	108	12.1	-95.9	49.31	173.42	21.87	197.5	21.77	189.34	16.77	169.69	2024年	
150	V7	須崎	33゜23'	133゜18'	112	-	-	49.59	172.07	21.87	196.45	21.62	188.79	16.71	168.96	-	
151	ZH	久礼	33゜20'	133゜15'	111	11.3	-99.7	49.76	172.61	21.91	196.69	21.65	188.87	16.71	169.1	-	
152	L6	高知下田	32゜56'	133゜00'	108	-	-	49.46	174.54	21.42	198.69	21.32	189.82	16.23	169.77	-	
153	TS	土佐清水	32゜47'	132゜58'	112	24.7	-87.3	51.24	174.35	22.58	198.35	22.17	188.63	17.08	168.73	2024年	
154	SU	片島	32゜55'	132゜42'	117	-	-	53.4	179	22.9	204.4	21.5	190	17.3	171	-	
155	UW	宇和島	33゜14'	132゜33'	130	15.4	-114.6	57.17	209.48	24.44	234.25	24.61	195.05	18.64	174.64	2024年	
156	N1	日明	33゜55'	130゜53'	80	-	-	35.75	276.15	17.39	302.47	11.33	281.62	11.85	262.69	-	
157	N0	砂津	33゜54'	130゜53'	90	-	-	39.89	273.12	19.26	300.23	10.79	271.9	10.74	256.19	-	
158	MO	門司	33゜57'	130゜57'	130	-	-	65.71	259.84	29.74	289.61	16.18	234.38	13.81	221.4	-	
159	AH	青浜	33゜57'	131゜01'	210	-	-	106.36	257.1	47.03	286.12	29.62	210.75	22.18	189.55	-	
160	O3	苅田	33゜48'	131゜00'	210	-	-	105.21	256.16	46.22	285.49	29.45	209.76	21.87	188.49	-	
161	BP	別府	33゜18'	131゜30'	130	-	-	58.52	241.87	24.33	269.84	25.53	205.76	19.18	184.33	-	
162	QC	大分	33゜16'	131゜41'	130	15.3	-114.7	58.3	243.25	24.2	271.34	25.54	206.57	19.21	185.15	-	
163	X5	佐伯	32゜57'	131゜58'	105	13	-92	44.13	202.79	19.14	226.38	22.95	198.5	17.76	177.87	2024年	
164	Z6	細島	32゜26'	131゜40'	106	17.5	-88.5	51.3	176.1	22.08	199.76	20.88	188.91	16.18	169.24	-	
165	MG	宮崎	31゜54'	131゜27'	113	-	-	52.32	171.83	23.07	197.07	22.15	186.03	16.78	167.38	-	
166	AB	油津	31゜35'	131゜25'	116	20.7	-95.3	51.91	173.98	22.78	198.29	22.5	190.97	17.46	170.18	2024年	
167	X6	志布志	31゜29'	131゜07'	116	-	-	55.98	176.83	24.44	201.27	22.49	191.47	17.55	171.23	-	
168	QG	大泊	31゜01'	130゜41'	142	17.5	-124.5	68.62	192.54	29.94	217.77	25.15	194.8	19.59	174.77	-	
169	KG	鹿児島	31゜36'	130゜34'	155	21.2	-133.8	76.9	204.66	33.9	230.4	25.14	201.11	19.59	180.91	2024年	
170	MK	枕崎	31゜16'	130゜18'	150	24.3	-125.7	69.53	204.23	30.53	229.92	24.64	199.6	19.16	179.62	2024年	
171	ZJ	阿久根	32゜01'	130゜11'	160	26.1	-133.9	77.73	220.75	34.49	246.82	25.48	205.54	19.95	185.88	-	
172	QH	西之表	30゜44'	131゜00'	120	9.7	-110.3	58.53	194.34	25.66	219.5	22.95	198.82	17.92	179.26	-	
173	TJ	種子島	30゜28'	130゜58'	120	4.9	-115.1	55.21	177.28	23.88	203.03	21.72	189.73	16.5	171.38	2024年	
174	QI	中之島	29゜51'	129゜51'	125	10.9	-114.1	58.42	195.56	25.32	220.81	23.3	198.15	17.98	178.49	-	
175	QJ	名瀬	28゜24'	129゜30'	115	10.7	-104.3	56.09	196.67	24.47	222.53	19.99	203.66	15.18	185.66	-	
176	O9	奄美	28゜19'	129゜32'	119	9.3	-109.7	55.79	182.76	23.3	207.49	22.31	195.13	16.9	174.54	2024年	
177	NK	中城湾港	26゜20'	127゜50'	120	-	-	56.5	185.12	23.49	209.47	21.64	202.36	16.3	183.23	-	
178	ZO	沖縄	26゜11'	127゜49'	120	7	-113	55.87	185.11	23.2	209.17	21.64	202.44	16.24	183.27	-	
179	NH	那覇	26゜13'	127゜40'	118	7.5	-110.5	57.5	198	24.26	222.32	20.72	210.24	15.79	191.1	2024年	
180	DJ	南大東	25゜52'	131゜14'	98	31.7	-66.3	52.21	188.21	22.03	213.38	18.94	200.63	14.63	182.66	2024年	
181	R1	平良	24゜49'	125゜17'	103	-	-	48.72	198.63	20.9	220.74	18.62	216.31	15.58	199.14	-	
182	IS	石垣	24゜20'	124゜10'	107	15.8	-91.2	44.75	193.28	19.51	216.35	19.75	221.2	16.92	199.33	2024年	
183	IJ	西表	24゜21'	123゜45'	103	-	-	50.2	204.6	14.6	219	19.1	217.2	18.7	200.2	-	
184	YJ	与那国	24゜27'	122゜57'	100	5.4	-94.6	44.71	192.58	19.08	215.13	20.11	219.46	16.64	196.69	2024年	
185	O7	水俣	32゜12'	130゜22'	195	-	-	100.59	247.55	43.78	280.72	26.69	217.26	20.91	197.37	-	
186	O5	八代	32゜31'	130゜34'	215	-	-	111.27	249.49	48.84	283.17	27.09	218.24	21.03	198.37	-	
187	HS	本渡瀬戸	32゜26'	130゜13'	205	-	-	99.51	246.82	43.35	279.97	26.43	216.36	20.53	196.4	-	
188	RH	苓北	32゜28'	130゜02'	166	21.2	-144.8	82.46	224.98	36.89	251.1	25.5	205.68	19.69	186.11	2024年	
189	MS	三角	32゜37'	130゜27'	221	-	-	118.56	250.33	52.08	284.07	27.31	217.4	21.02	197.42	-	
190	KU	熊本	32゜45'	130゜34'	245	-	-	130.3	253.2	57.51	287.58	27.94	217.35	21.51	197.7	-	
191	O6	大牟田	33゜01'	130゜25'	265	-	-	148.75	255.03	66.12	289.52	28.59	218.06	21.85	198.08	-	
192	OU	大浦	32゜59'	130゜13'	268	24.6	-243.4	148.38	256.32	66.01	291.45	28.68	218.85	21.96	199.2	2024年	
193	KT	口之津	32゜36'	130゜12'	194	23.2	-170.8	98.39	248.02	42.2	281.1	26.65	215.79	20.94	196.35	2024年	
194	NS	長崎	32゜44'	129゜52'	164	25.2	-138.8	80.26	229	36.02	254.45	25.66	207.23	20.01	187.35	2024年	
195	KO	皇后	32゜43'	129゜50'	164	-	-	80.61	229.28	36.15	254.64	25.68	207.48	19.98	187.39	-	
196	FE	福江	32゜42'	128゜51'	159	9.2	-149.8	75.14	230.81	34.17	256.19	24.37	206.66	18.95	187.08	2024年	
197	QD	佐世保	33゜09'	129゜43'	165	25.4	-139.6	81.21	240.27	36.76	265.28	24.36	213.72	19.08	194.12	-	
198	X2	平戸瀬戸	33゜22'	129゜35'	155	-	-	76.55	248.54	35.03	273.25	22.3	221.15	17.87	202.46	-	
199	ZL	仮屋	33゜28'	129゜51'	127	24.2	-102.8	63.32	268.43	29.84	292.48	18.16	244.09	15.77	226.17	-	
200	KA	唐津	33゜28'	129゜58'	118	-	-	55.36	272.49	26.35	296.15	15.93	255.11	14.44	237.53	-	
201	QF	博多	33゜37'	130゜24'	110	27.8	-82.2	50.25	279.12	23.99	302.8	14.85	266.48	14.03	247.75	-	
202	X3	郷ノ浦	33゜45'	129゜41'	127	-	-	60.77	264.39	28.71	288.88	15.43	239.19	13.28	223.37	-	
203	QE	厳原	34゜12'	129゜18'	93	8.5	-84.5	50.67	252.9	24.11	278.58	8.29	207.39	6.15	200.4	-	
204	O1	対馬	34゜16'	129゜19'	88	-	-	49.29	252.6	23.4	278.4	7.64	208.11	5.46	204.15	-	
205	N5	対馬比田勝	34゜39'	129゜29'	58	10.4	-47.6	32	253.31	15.79	278.52	3.06	246.17	3.69	252.57	2024年	
206	K5	萩	34゜26'	131゜25'	48	-	-	15.56	315.96	7.82	335.17	9.67	326.64	11.09	301.22	-	
207	ZK	須佐	34゜38'	131゜36'	40	26.5	-13.5	12.11	328.86	6.18	345.12	9.19	337.78	10.6	309.62	-	
208	HA	浜田	34゜54'	132゜04'	29	29	0	7.92	353.57	3.92	3.44	7.37	353.18	8.99	325.58	2024年	
209	SK	境	35゜33'	133゜15'	17	31.6	14.6	5.52	68.96	2.02	82.23	4.91	343.43	4.6	312.48	2024年	
210	SA	西郷	36゜12'	133゜20'	17	13.6	-3.4	5.65	63.59	1.98	78.4	5	347.45	5.52	324.31	2024年	
211	ZE	田後	35゜36'	134゜19'	20	31.1	11.1	5.96	66.99	2.16	84	5.09	342.78	5.19	314.81	-	
212	T6	津居山	35゜39'	134゜50'	17	-	-	5.81	69.87	2.06	87.39	5.01	342.57	5.03	314.11	-	
213	T2	宮津	35゜32'	135゜12'	18	-	-	6.28	68.22	2.29	88.87	5.07	341.92	5.13	314.34	-	
214	MZ	舞鶴	35゜29'	135゜23'	19	29.8	10.8	6.2	71.14	2.27	89.58	5.34	342.14	5.42	314.56	2024年	
215	XM	敦賀	35゜40'	136゜04'	18	-	-	5.73	74.8	2.07	95.87	5.1	343.37	5.23	316.36	-	
216	ZG	三国	36゜15'	136゜09'	18	34.7	16.7	5.62	75.74	1.92	97.64	5.22	345.28	5.23	317.79	-	
217	T1	金沢	36゜37'	136゜36'	20	-	-	5.64	76.13	1.97	98.05	5.31	344.73	5.38	318.43	-	
218	Z7	輪島	37゜24'	136゜54'	20	24.6	4.6	5.67	79.57	2.02	103.47	5.45	345.59	5.42	319.86	-	
219	SZ	能登	37゜30'	137゜09'	20	26	6	5.61	80.64	2	107.24	5.45	345.98	5.36	320.14	2024年	
220	XO	七尾	37゜03'	136゜58'	20	-	-	6.12	83.69	2.22	109.05	5.33	346.96	5.41	321.92	-	
221	XQ	伏木富山	36゜48'	137゜04'	20	-	-	5.84	82.5	2.08	107.39	5.37	344.84	5.32	320.98	-	
222	SN	新湊	36゜47'	137゜07'	20	-	-	5.88	81.38	2.1	106.41	5.37	344.57	5.31	320.5	-	
223	TY	富山	36゜46'	137゜13'	22	30.8	8.8	5.74	82.01	2.08	107.89	5.36	345.29	5.23	320.1	2024年	
224	I7	生地	36゜53'	137゜25'	22	-	-	5.8	82.74	2.12	108.41	5.52	345.64	5.4	320.55	-	
225	T3	直江津	37゜11'	138゜15'	19	-	-	5.89	81.82	2.1	111.09	5.31	345.33	5.33	320.28	-	
226	ZC	柏崎	37゜21'	138゜31'	21	21.9	0.9	5.5	88.02	2.02	116.27	5.38	347.89	5.42	323.28	-	
227	S6	新潟西港	37゜56'	139゜04'	17	-	-	5.51	88.59	2.01	119.02	5.34	348.73	5.4	323.79	-	
228	I5	新潟東港	37゜59'	139゜13'	17	-	-	5.43	90.77	2.03	121.97	5.34	349.79	5.41	324.47	-	
229	ZN	小木	37゜49'	138゜17'	19	-0.6	-19.6	5.46	86.78	1.98	115.18	5.37	347.59	5.41	322.79	-	
230	RZ	両津	38゜05'	138゜26'	18	-	-	5.68	87.49	2.02	118.33	5.37	347.84	5.39	322.76	-	
231	S0	佐渡	38゜19'	138゜31'	18	4.1	-13.9	5.46	87.79	2	117.88	5.39	347.93	5.49	323.15	2024年	
232	QR	粟島	38゜28'	139゜15'	20	10.4	-9.6	5.41	90.61	2	122.02	5.31	349.28	5.38	323.86	-	
233	ZB	鼠ヶ関	38゜34'	139゜33'	20	29.9	9.9	5.03	94.26	1.92	126.11	5.2	350.75	5.24	325.41	-	
234	S9	酒田	38゜55'	139゜49'	21	-	-	5.16	94.31	2	126.25	5.33	350.89	5.47	325.28	-	
235	ZQ	飛島	39゜11'	139゜33'	19	0.9	-18.1	5.2	93.75	1.99	126.18	5.37	349.79	5.45	324.99	-	
236	S1	秋田	39゜45'	140゜04'	19	-	-	5.1	96.73	2.03	129.1	5.44	350.98	5.46	326.37	-	
237	S2	船川港	39゜55'	139゜51'	18	-	-	5.45	95.59	2.07	135.24	5.38	348.43	5.41	325.57	-	
238	ZI	男鹿	39゜57'	139゜42'	18	27.6	9.6	5.06	97.48	2	131.55	5.4	351.46	5.44	326.7	-	
239	FK	深浦	40゜39'	139゜56'	18	29.2	11.2	4.93	98.45	2.01	132.97	5.27	352.33	5.27	326.63	2024年	
